{
  "kind": "collectionType",
  "collectionName": "site_categories",
  "info": {
    "singularName": "site-category",
    "pluralName": "site-categories",
    "displayName": "SiteCategory",
    "description": ""
  },
  "options": {
    "draftAndPublish": true
  },
  "pluginOptions": {},
  "attributes": {
    "CategoryName": {
      "type": "string",
      "required": true
    },
    "CategoryEnabled": {
      "type": "boolean",
      "required": false,
      "default": true
    },
    "CategoryImage": {
      "type": "media",
      "multiple": false,
      "required": false,
      "allowedTypes": [
        "images",
        "files",
        "videos",
        "audios"
      ]
    },
    "CategoryRoute": {
      "type": "string"
    }
  }
}
